mean,std,cp,cpk,sigma_level,status,threshold
99.95851009820926,1.0129363969847485,0.9872288161198899,0.9735754739112888,2.9207264217338667,FAILED,1.33
